To,From,QTY,ProductSubFamily
HX320XOKA23HLCGABA,8D,11469,PRODUCT1
HX320XOKA23HLCGABA,8E,2,PRODUCT1
HX320XOKA23HLCGABA,98,6343,PRODUCT1
HX3020OKA23HLCGBCA,5D,63547,PRODUCT2
HX3020OKA23HLCGBCA,61,245,PRODUCT2
HX2399OKA23HJCGACA,6E,5,PRODUCT1
HX2399OKA23HJCGACA,6F,10,PRODUCT1
HX2399OKA23HJCGACA,71,3,PRODUCT1
HX2399OKA23HJCGHXA,6F,5,PRODUCT1
HX2399OKA23HJCGHXA,71,799,PRODUCT1
HX2399OKA23HJCGHXA,77,781,PRODUCT1
HX2399OKA23HJCGHXA,79,1036,PRODUCT1
HX2399OKA23HJCGHXA,F1,4158,PRODUCT1
HX2399OKA23HJCGHXA,82,1058,PRODUCT1
HX2399OKA23HJCGBCA,5C,142697,PRODUCT2
HX2399OKA23HJCGBCA,5D,10663,PRODUCT2
HX230BOKA23HJCGACA,6F,19,PRODUCT1
HX230BOKA23HJCGHXA,71,14,PRODUCT1
HX230BOKA23HJCGHXA,77,144,PRODUCT1
HX230BOKA23HJCGHXA,E6,1166,PRODUCT1
HX230BOKA23HJCGBCA,5C,42370,PRODUCT2
HX230BOKA23HJCGBCA,5D,16505,PRODUCT2
HX230BOKA23HJCGHXA,6F,143,PRODUCT1
HX230BOKA23HJCGBCA,5C,5350,PRODUCT2
HX230BOKA23HJCGBCA,5D,2201,PRODUCT2
HX220BOKA33HJCGACA,6F,4,PRODUCT1
HX220BOKA33HJCGHXA,6F,15933,PRODUCT1
HX260KWOA33HJCGACA,71,62,PRODUCT1
HX260KWOA33HJCGHXA,70,717,PRODUCT1
HX260KWOA33HJCGHXA,71,823,PRODUCT1
HX260KWOA33HJCGHXA,73,96,PRODUCT1
HX260KWOA33HJCGHXA,75,981,PRODUCT1
HX260KWOA33HJCGHXA,77,1275,PRODUCT1
HX260KWOA33HJCGHXA,F1,84953,PRODUCT1
HX280BWOA33HJCGACA,71,16,PRODUCT1
HX280BWOA33HJCGHXA,70,182,PRODUCT1
HX280BWOA33HJCGHXA,71,2736,PRODUCT1
HX280BWOA33HJCGHXA,75,37,PRODUCT1
HX280BWOA33HJCGHXA,77,216,PRODUCT1
HX622JIXJ33JBCNAAA,3B,1,PRODUCT5
HX622JIXJ33JBCNAAA,3F,11,PRODUCT5
HX622JIXJ33JBCNAAA,40,49757,PRODUCT5
HX622JIXJ33JBCNAAA,45,1,PRODUCT5
HX622JIXJ33JBCNAAA,49,8296,PRODUCT5
HX622JIXJ33JBMNAAA,40,1192,PRODUCT5
HX622JIXJ33JBMNAAA,49,13,PRODUCT5
HX6399OKA23HLCGHXA,75,6,PRODUCT1
HX6399OKA23HLCGBCA,5C,8553,PRODUCT2
HX6399OKA23HLCGBCA,5D,132127,PRODUCT2
HX630BOKA23HLCGHXA,75,1,PRODUCT1
HX630BOKA23HLCGBCA,5C,57804,PRODUCT2
HX630BOKA23HLCGBCA,5D,5001,PRODUCT2
HX630BOKA23HLCGBCA,61,305,PRODUCT2
HX6320OKA23HLCGBCA,5C,1199,PRODUCT2
HX630BOKA23HLCGBCA,5D,13752,PRODUCT2
HX630KOKA23HLCGHXA,71,306,PRODUCT1
HX630KOKA23HLCGHXA,73,5,PRODUCT1
HX630KOKA23HLCGHXA,77,1214,PRODUCT1
HX630KOKA23HLCGBCA,5D,35140,PRODUCT2
HX632BOKA23HLCGBCA,5D,6471,PRODUCT2
HX6299OKA33HLCGHXA,6F,1873,PRODUCT1
HX6299OKA33HLCGHXA,70,3,PRODUCT1
HX6299OKA33HLCGHXA,71,109132,PRODUCT1
HX6299OKA33HLCGHXA,73,11108,PRODUCT1
HX6299OKA33HLCGHXA,77,1308,PRODUCT1
HX6299OKA33HLCGHXA,D3,2059,PRODUCT1
HX6299OKA33HLCGHXA,F1,2064,PRODUCT1
HX620BOKA33HLCGACA,71,11,PRODUCT1
HX620BOKA33HLCGACA,73,10,PRODUCT1
HX620BOKA33HLCGHXA,6F,1869,PRODUCT1
HX620BOKA33HLCGHXA,70,171,PRODUCT1
HX620BOKA33HLCGHXA,71,30922,PRODUCT1
HX620BOKA33HLCGHXA,72,112,PRODUCT1
HX620BOKA33HLCGHXA,73,14564,PRODUCT1
HX620BOKA33HLCGHXA,77,20205,PRODUCT1
HX620BOKA33HLCGHXA,D3,320,PRODUCT1
HX620BOKA33HLCGHXA,F1,5930,PRODUCT1
HX660KWOA33HLCGACA,73,75,PRODUCT1
HX660KWOA33HLCGHXA,72,1052,PRODUCT1
HX660KWOA33HLCGHXA,73,125814,PRODUCT1
HX660KWOA33HLCGHXA,75,1430,PRODUCT1
HX660KWOA33HLCGHXA,77,149794,PRODUCT1
HX6799OKA33HLCGHXA,71,73909,PRODUCT1
HX6799OKA33HLCGHXA,73,8631,PRODUCT1
HX6799OKA33HLCGHXA,77,3086,PRODUCT1
HX679KWOA33HLCGHXA,75,500,PRODUCT1
HX680BWOA33HLCGACA,73,9,PRODUCT1
HX680BWOA33HLCGHXA,73,3704,PRODUCT1
HX680BWOA33HLCGHXA,77,1436,PRODUCT1
HX680KWOA33HLCGACA,73,19,PRODUCT1
HX680KWOA33HLCGHXA,73,5192,PRODUCT1
HX680KWOA33HLCGHXA,75,217,PRODUCT1
HX680KWOA33HLCGHXA,77,28,PRODUCT1
HX7399OKA23HLCGBCA,5C,170,PRODUCT2
HX7399OKA23HLCGBCA,5D,15577,PRODUCT2
HX7399YBI23JACJAHA,3D,3,PRODUCT4
HX7399YBI23JACJAHA,3E,16,PRODUCT4
HX7399YBI23JACJAHA,51,408,PRODUCT4
HX7399YBI23JACJAHA,52,426,PRODUCT4
HX7399YBI23JACJAHA,55,242,PRODUCT4
HX7399YBI23JACJAHA,56,206,PRODUCT4
HX7399YBI23JACJAHA,57,171,PRODUCT4
HX7399YBI23JACJAHA,58,899,PRODUCT4
HX7399YBI23JACJAHA,7A,2,PRODUCT4
HX7399YBI23JACJAHA,7C,2,PRODUCT4
HX7399YBI23JACJAHA,7D,2,PRODUCT4
HX7399YBI23JACJAIA,55,13617,PRODUCT4
HX730BOKA23HLCGBCA,5C,695,PRODUCT2
HX730BOKA23HLCGBCA,5D,29954,PRODUCT2
HX730XOKA33HJCGABA,8D,173,PRODUCT1
HX730XOKA33HJCGACA,71,1,PRODUCT1
HX730XOKA33HJCGHXA,6F,110238,PRODUCT1
HX730XOKA33HJCGHXA,70,15,PRODUCT1
HX730XOKA33HJCGHXA,71,988,PRODUCT1
HX730XOKA33HJCGHXA,75,88,PRODUCT1
HX730XOKA33HJCGHXA,77,97,PRODUCT1
HX730XOKA33HJCGHXA,8E,74212,PRODUCT1
HX730XOKA33HJCGHXA,8F,162,PRODUCT1
HX730XOKA33HJCGHXA,D3,20,PRODUCT1
HX730XOKA33HJCGHXA,F1,3458,PRODUCT1
HX732BYBI23JACJAIA,58,5033,PRODUCT4
HX730BYBI23JACJAHA,55,92,PRODUCT4
HX730BYBI23JACJAIA,55,4556,PRODUCT4
HX730BYBI23JACJAIA,56,1621,PRODUCT4
HX730BYBI23JACJAIA,57,7999,PRODUCT4
HX730BYBI23JACJAIA,58,14718,PRODUCT4
HX730KYBI23JACJAIA,58,11948,PRODUCT4
HX730XOKA33HJCGHXA,8F,92,PRODUCT1
HX730XOKA33HJCGHXA,D3,156,PRODUCT1
HX730XOKA33HJCGHXA,F1,1054,PRODUCT1
HX730XOKA33HJCGHXA,6F,94334,PRODUCT1
HX730XOKA33HJCGHXA,71,302,PRODUCT1
HX730XOKA33HJCGHXA,77,5,PRODUCT1
HX730XOKA33HJCGHXA,83,14,PRODUCT1
HX730XOKA33HJCGHXA,8D,26332,PRODUCT1
HX720KWOA33HJCGABA,8E,59,PRODUCT1
HX720KWOA33HJCGABA,97,1045,PRODUCT1
HX720KWOA33HJCGHXA,6F,18867,PRODUCT1
HX720KWOA33HJCGHXA,71,533,PRODUCT1
HX720KWOA33HJCGHXA,E6,47,PRODUCT1
HX720KWOA33HJCGHXA,F1,392,PRODUCT1
HX720KWOA33HJCGHXA,8F,96,PRODUCT1
HX720XOKA33HLCGABA,8E,2,PRODUCT1
HX720XOKA33HLCGHXA,6F,774,PRODUCT1
HX720XOKA33HLCGHXA,70,117,PRODUCT1
HX720XOKA33HLCGHXA,71,3434,PRODUCT1
HX720XOKA33HLCGHXA,72,19,PRODUCT1
HX720XOKA33HLCGHXA,73,1695,PRODUCT1
HX720XOKA33HLCGHXA,77,4699,PRODUCT1
HX720XOKA33HLCGHXA,8D,15,PRODUCT1
HX720XOKA33HLCGHXA,F1,8706,PRODUCT1
HX7699YBI33JACJAHA,40,4,PRODUCT4
HX7699YBI33JACJAHA,48,23,PRODUCT4
HX7699YBI33JACJAHA,4D,65,PRODUCT4
HX7699YBI33JACJAHA,7D,119,PRODUCT4
HX7699YBI33JACJAIA,4D,196,PRODUCT4
HX7699YBI33JACJAIA,7F,7995,PRODUCT4
HX760BYBI33JACJAIA,4A,4589,PRODUCT4
HX760BYBI33JACJAIA,7F,319,PRODUCT4
HX760KWOA33HLCGABA,8D,302401,PRODUCT1
HX760KWOA33HLCGACA,71,1,PRODUCT1
HX760KWOA33HLCGACA,73,1,PRODUCT1
HX760KWOA33HLCGHXA,6F,693,PRODUCT1
HX760KWOA33HLCGHXA,70,45,PRODUCT1
HX760KWOA33HLCGHXA,71,2073,PRODUCT1
HX760KWOA33HLCGHXA,72,22,PRODUCT1
HX760KWOA33HLCGHXA,73,1852,PRODUCT1
HX760KWOA33HLCGHXA,75,85956,PRODUCT1
HX760KWOA33HLCGHXA,77,5362,PRODUCT1
HX760KWOA33HLCGHXA,8D,79113,PRODUCT1
HX760KWOA33HLCGHXA,8E,852,PRODUCT1
HX760KWOA33HLCGHXA,8F,13504,PRODUCT1
HX760KWOA33HLCGHXA,D3,115,PRODUCT1
HX760KWOA33HLCGHXA,E6,920,PRODUCT1
HX770KXBI33JACJAHA,48,11,PRODUCT4
HX770KXBI33JACJAHA,4A,20,PRODUCT4
HX770KXBI33JACJAHA,4D,23,PRODUCT4
HX770KXBI33JACJAHA,79,65,PRODUCT4
HX770KXBI33JACJAIA,4A,86,PRODUCT4
HX770KXBI33JACJAIA,79,395,PRODUCT4
HX770KXBI33JACJAIA,7E,497,PRODUCT4
HX770KXBI33JACJAIA,7F,58,PRODUCT4
HX7899YBI33JACJAHA,3E,11,PRODUCT4
HX7899YBI33JACJAIA,79,3672,PRODUCT4
HX7899YBI33JACJAIA,7D,16523,PRODUCT4
HX7899YBI33JACJAIA,7E,1556,PRODUCT4
HX7899YBI33JACJAIA,7F,32807,PRODUCT4
HX780BYBI33JACJAHA,3D,453,PRODUCT4
HX780BYBI33JACJAHA,3F,2,PRODUCT4
HX780BYBI33JACJAHA,40,5,PRODUCT4
HX780BYBI33JACJAHA,79,9,PRODUCT4
HX780BYBI33JACJAHA,7C,218,PRODUCT4
HX780BYBI33JACJAHA,7D,15,PRODUCT4
HX780BYBI33JACJAHA,7E,243,PRODUCT4
HX780BYBI33JACJAHA,7F,20,PRODUCT4
HX780BYBI33JACJAIA,79,4030,PRODUCT4
HX780BYBI33JACJAIA,7D,7961,PRODUCT4
HX780BYBI33JACJAIA,7E,3004,PRODUCT4
HX780BYBI33JACJAIA,7F,30675,PRODUCT4
HX782BXBI33JACJAHA,7E,2,PRODUCT4
HX782BXBI33JACJAHA,7F,41,PRODUCT4
HX782BXBI33JACJAIA,7B,15,PRODUCT4
HX782BXBI33JACJAIA,7E,552,PRODUCT4
HX782BXBI33JACJAIA,7F,4013,PRODUCT4
HX782KXBI33JACJAHA,3D,110,PRODUCT4
HX782KXBI33JACJAHA,3E,577,PRODUCT4
HX782KXBI33JACJAHA,3F,54,PRODUCT4
HX782KXBI33JACJAHA,40,44,PRODUCT4
HX782KXBI33JACJAHA,7A,133,PRODUCT4
HX782KXBI33JACJAHA,7B,145,PRODUCT4
HX782KXBI33JACJAHA,7C,151,PRODUCT4
HX782KXBI33JACJAHA,7D,174,PRODUCT4
HX782KXBI33JACJAHA,7E,193,PRODUCT4
HX782KXBI33JACJAHA,7F,100,PRODUCT4
HX782KXBI33JACJAIA,7A,203,PRODUCT4
HX782KXBI33JACJAIA,7B,345,PRODUCT4
HX782KXBI33JACJAIA,7D,1643,PRODUCT4
HX782KXBI33JACJAIA,7E,439,PRODUCT4
HX782KXBI33JACJAIA,7F,6206,PRODUCT4
HX860KXBI33JACJAHA,71,27,PRODUCT4
AM3399DEC23HJCGHXA,6F,4752,PRODUCT1
AM3399DEC23HJCGBCA,5C,2,PRODUCT2
AM3399DEC23HJCGBCA,5C,1025,PRODUCT2
AM2732SIE33HLCGHXA,6F,9683,PRODUCT1
AM2720DEC33HLCGHXA,6E,2658,PRODUCT1
AM2720DEC33HLCGHXA,6F,129522,PRODUCT1
AM6290ITJ33JBCNAAA,3B,225761,PRODUCT5
AM6290ITJ33JBCNAAA,3F,1,PRODUCT5
AM6290ITJ33JBCNAAA,40,189452,PRODUCT5
AM6290ITJ33JBCNAAA,43,595,PRODUCT5
AM6290ITJ33JBCNAAA,49,30,PRODUCT5
AM6290ITJ33JBCNAAA,4A,6327,PRODUCT5
AM6290ITJ33JBDNAAA,3B,37782,PRODUCT5
AM6290ITJ33JBMNAAA,45,2358,PRODUCT5
AM6290ITJ33JBMNAAA,4A,10024,PRODUCT5
AM6390ITJ33JBCNAAA,3B,65670,PRODUCT5
AM6390ITJ33JBCNAAA,3F,230601,PRODUCT5
AM6390ITJ33JBCNAAA,40,197,PRODUCT5
AM6390ITJ33JBCNAAA,45,251424,PRODUCT5
AM6390ITJ33JBCNAAA,46,323,PRODUCT5
AM6390ITJ33JBCNAAA,47,17591,PRODUCT5
AM6390ITJ33JBCNAAA,48,23201,PRODUCT5
AM6390ITJ33JBDNAAA,40,30,PRODUCT5
AM6390ITJ33JBMNAAA,3B,811,PRODUCT5
AM6390ITJ33JBMNAAA,3F,3045,PRODUCT5
AM6390ITJ33JBMNAAA,44,1,PRODUCT5
AM6390ITJ33JBMNAAA,45,3671,PRODUCT5
AM6390ITJ33JBMNAAA,46,1,PRODUCT5
AM6390ITJ33JBMNAAA,48,1157,PRODUCT5
AM6390ITJ33JBMNAAA,49,4048,PRODUCT5
AM6390ITJ33JBCNAAA,3B,180221,PRODUCT5
AM6390ITJ33JBCNAAA,3F,484609,PRODUCT5
AM6390ITJ33JBCNAAA,40,35016,PRODUCT5
AM6390ITJ33JBCNAAA,42,36,PRODUCT5
AM6390ITJ33JBCNAAA,45,564672,PRODUCT5
AM6390ITJ33JBCNAAA,46,9478,PRODUCT5
AM6390ITJ33JBCNAAA,47,24709,PRODUCT5
AM6390ITJ33JBCNAAA,48,20109,PRODUCT5
AM6390ITJ33JBCNAAA,49,179,PRODUCT5
AM6390ITJ33JBDNAAA,3F,19998,PRODUCT5
AM6390ITJ33JBDNAAA,45,176981,PRODUCT5
AM6390ITJ33JBMNAAA,3B,2579,PRODUCT5
AM6390ITJ33JBMNAAA,3F,4516,PRODUCT5
AM6390ITJ33JBMNAAA,40,3065,PRODUCT5
AM6390ITJ33JBMNAAA,45,1687,PRODUCT5
AM6390ITJ33JBMNAAA,46,6793,PRODUCT5
AM6390ITJ33JBMNAAA,47,435,PRODUCT5
AM6390ITJ33JBMNAAA,49,3700,PRODUCT5
AM702BECH23JACJAIA,4B,1675,PRODUCT4
AM702BECH23JACJAIA,54,34235,PRODUCT4
AM702BECH23JACJAIA,56,17018,PRODUCT4
AM7999ECH33JACJAHA,49,11,PRODUCT4
AM7999ECH33JACJAIA,78,16010,PRODUCT4
AM7999ECH33JACJAIA,7A,179,PRODUCT4
AM7999ECH33JACJAIA,7C,78359,PRODUCT4
AM792BECH33JACJAHA,49,413,PRODUCT4
AM792BECH33JACJAIA,49,113,PRODUCT4
AM792BECH33JACJAIA,4B,11858,PRODUCT4
AM792BECH33JACJAIA,7C,23242,PRODUCT4
AM720PDGH33JACJAHA,49,139,PRODUCT4
AM720PDGH33JACJAHA,78,233,PRODUCT4
AM720PDGH33JACJAIA,49,228,PRODUCT4
AM720PDGH33JACJAIA,4B,3836,PRODUCT4
AM720PDGH33JACJAIA,78,967,PRODUCT4
AM720PDGH33JACJAIA,7C,2059,PRODUCT4
AM7399ECH33JACJAIA,4B,10481,PRODUCT4
AM7399ECH33JACJAIA,7C,21640,PRODUCT4
AM732BECH33JACJAHA,49,27,PRODUCT4
AM732BECH33JACJAHA,78,11,PRODUCT4
AM732BECH33JACJAIA,49,1845,PRODUCT4
AM732BECH33JACJAIA,78,5901,PRODUCT4
AM732BECH33JACJAIA,7C,6,PRODUCT4
AM730PDGH33JACJAHA,49,65,PRODUCT4
AM730PDGH33JACJAHA,4B,16,PRODUCT4
AM730PDGH33JACJAHA,78,7,PRODUCT4
AM730PDGH33JACJAIA,4B,288,PRODUCT4
AM730PDGH33JACJAIA,7C,7750,PRODUCT4
AT630TIVJ33JBCNAAA,40,55,PRODUCT5
AT630TIVJ33JBCNAAA,43,43538,PRODUCT5
AT630TIVJ33JBCNAAA,45,9,PRODUCT5
AT630TIVJ33JBCNAAA,49,6512,PRODUCT5
AT630TIVJ33JBMNAAA,43,4487,PRODUCT5
AT620TIVJ33JBCNAAA,43,24136,PRODUCT5
AT620TIVJ33JBCNAAA,45,6,PRODUCT5
AT620TIVJ33JBMNAAA,4A,1122,PRODUCT5
DG9992FGF83HTCKABB,3F,2246109,PRODUCT3
ED602JIXJ23JBMNAAA,3F,31117,PRODUCT5
ED602JIXJ23JBMNAAA,40,1079,PRODUCT5
EM6090IUJ23JBCNAAA,3B,2223,PRODUCT5
EM6090IUJ23JBCNAAA,3E,126411,PRODUCT5
EM6090IUJ23JBCNAAA,3F,13692,PRODUCT5
EM6090IUJ23JBCNAAA,40,9510,PRODUCT5
EM6090IUJ23JBCNAAA,42,8,PRODUCT5
EM6090IUJ23JBCNAAA,43,475501,PRODUCT5
EM6090IUJ23JBCNAAA,55,11407,PRODUCT5
EM6090IUJ23JBCNAAA,64,7185,PRODUCT5
EM6090IUJ23JBCNAAA,45,8382,PRODUCT5
EM6090IUJ23JBCNAAA,46,101,PRODUCT5
EM6090IUJ23JBCNAAA,47,241,PRODUCT5
EM6090IUJ23JBCNAAA,48,206,PRODUCT5
EM6090IUJ23JBCNAAA,49,907,PRODUCT5
EM6090IUJ23JBCNAAA,4A,2008,PRODUCT5
EM6090IUJ23JBDNAAA,3B,569,PRODUCT5
EM6090IUJ23JBDNAAA,3E,31328,PRODUCT5
EM6090IUJ23JBDNAAA,3F,4816,PRODUCT5
EM6090IUJ23JBDNAAA,40,2970,PRODUCT5
EM6090IUJ23JBDNAAA,43,196908,PRODUCT5
EM6090IUJ23JBDNAAA,45,2718,PRODUCT5
EM6090IUJ23JBMNAAA,3B,266,PRODUCT5
EM6090IUJ23JBMNAAA,3E,7314,PRODUCT5
EM6090IUJ23JBMNAAA,3F,2456,PRODUCT5
EM6090IUJ23JBMNAAA,40,6513,PRODUCT5
EM6090IUJ23JBMNAAA,43,4457,PRODUCT5
EM6090IUJ23JBMNAAA,45,454,PRODUCT5
EM6090IUJ23JBMNAAA,4A,10021,PRODUCT5
EM6090IUJ23JBMNAAA,55,7239,PRODUCT5
EM6990ITJ33JBCNAAA,3B,213,PRODUCT5
EM6990ITJ33JBCNAAA,3F,210260,PRODUCT5
EM6990ITJ33JBCNAAA,40,268318,PRODUCT5
EM6990ITJ33JBCNAAA,43,44,PRODUCT5
EM6990ITJ33JBCNAAA,45,237,PRODUCT5
EM6990ITJ33JBCNAAA,46,222,PRODUCT5
EM6990ITJ33JBCNAAA,47,153,PRODUCT5
EM6990ITJ33JBCNAAA,48,223,PRODUCT5
EM6990ITJ33JBCNAAA,49,2716,PRODUCT5
EM6990ITJ33JBCNAAA,4A,22158,PRODUCT5
EM6990ITJ33JBDNAAA,3F,39050,PRODUCT5
EM6990ITJ33JBDNAAA,40,40532,PRODUCT5
EM6990ITJ33JBMNAAA,3F,14452,PRODUCT5
EM6990ITJ33JBMNAAA,49,12650,PRODUCT5
EM6990ITJ33JBMNAAA,4A,1127,PRODUCT5
ET620TIWJ23JBCNAAA,3B,11472,PRODUCT5
ET620TIWJ23JBCNAAA,3E,9720,PRODUCT5
ET620TIWJ23JBCNAAA,43,28608,PRODUCT5
FD770KYBI33JACJAHA,6F,10778,PRODUCT4
FD770KYBI33JACJAHA,72,1616,PRODUCT4
FM7299ECH33JACJAHA,49,52,PRODUCT4
FM7299ECH33JACJAHA,78,12,PRODUCT4
FM7299ECH33JACJAIA,49,1237,PRODUCT4
FM7299ECH33JACJAIA,78,3378,PRODUCT4
FM760PDGH33JACJAIA,78,102,PRODUCT4
FM760PDGH33JACJAIA,7C,1548,PRODUCT4
GE292JIYJ23JBCNAAA,3E,426,PRODUCT5
GE292JIYJ23JBCNAAA,43,59625,PRODUCT5
GE292JIYJ23JBCNAAA,45,4722,PRODUCT5
GE292JIYJ23JBCNAAA,55,3,PRODUCT5
GE292JIYJ23JBMNAAA,3B,434,PRODUCT5
GE292JIYJ23JBMNAAA,3E,29,PRODUCT5
GE292JIYJ23JBMNAAA,45,7674,PRODUCT5
GE292JIYJ23JBMNAAA,49,3850,PRODUCT5
GE392TIYJ33JBCNAAA,39,103,PRODUCT5
RE222FECH23JACJAIA,54,1151,PRODUCT4
RE222FECH23JACJAIA,56,1140,PRODUCT4
RE268DDEC23HJCGHXA,6F,140,PRODUCT1
RE272FDEC23HJCGHXA,6F,1024,PRODUCT1
RE327NDGH33JACJAHA,6E,2,PRODUCT4
RE327NDGH33JACJAIA,71,71,PRODUCT4
RE363LDEC33HJCGACA,6F,1234,PRODUCT1
RE363LDEC33HJPGHXA,6F,97,PRODUCT1
RE376LDEC33HLCGHXA,6F,24948,PRODUCT1
SD220XOKA23HLCGABA,8D,124,PRODUCT1
SD220XOKA23HLCGABA,98,882,PRODUCT1
SD220XOKA23HLCGHXA,70,18,PRODUCT1
SD220XOKA23HLCGHXA,71,332,PRODUCT1
SD220XOKA23HLCGHXA,73,2,PRODUCT1
SD220XOKA23HLCGHXA,75,275,PRODUCT1
SD220XOKA23HLCGHXA,77,5375,PRODUCT1
SD220XOKA23HLCGHXA,8D,16,PRODUCT1
SD220XOKA23HLCGHXA,8F,2038,PRODUCT1
SD220XOKA23HLCGHXA,97,14,PRODUCT1
SD220XOKA23HLCGHXA,98,23,PRODUCT1
